node,community_id,strength
lukasmasuch,0,2037.0
sfc-gh-bnisco,0,1319.0
sfc-gh-lwilby,0,1164.0
sfc-gh-nbellante,0,517.0
mayagbarnes,0,492.0
sfc-gh-lmasuch,0,150.0
sfc-gh-smohile,0,68.0
sfc-gh-mbarnes,0,60.0
raethlein,0,37.0
K-dash,0,28.0
bajajku,0,18.0
MathCatsAnd,0,16.0
karubian,0,16.0
lukewang05,0,15.0
erenkcdg,0,14.0
KaranPradhan266,0,13.0
ranmocy,0,11.0
ashm-dev,0,10.0
cgivre,0,9.0
nico-bellante,0,9.0
sfc-gh-pchiu,0,9.0
whitphx,0,9.0
SiddhantSadangi,0,7.0
tortaepaisitphongse,0,7.0
Areen3112,0,6.0
co63oc,0,6.0
joanaarnauth,0,6.0
sfc-gh-kjavadyan,0,5.0
tysoncung,0,5.0
kkchemboli,0,4.0
matilde2004,0,4.0
xr843,0,4.0
Franco-15,0,3.0
TiagoLouro14,0,3.0
alexmalins,0,3.0
diwu-sf,0,3.0
duvvuvenkataramana,0,3.0
nileshhadalgi016,0,3.0
nitinjadhav888,0,3.0
An1k4et,0,2.0
Dev-iL,0,2.0
LakshmiSravyaVedantham,0,2.0
Mr-Neutr0n,0,2.0
Navadeep0007,0,2.0
aayushbaluni,0,2.0
geoextra,0,2.0
ghilesmeddour,0,2.0
ivanmilevtues,0,2.0
lawilby,0,2.0
mohankumarelec,0,2.0
ndawe,0,2.0
okapiadmin,0,2.0
rafmudaf,0,2.0
taimoorzulfiqar,0,2.0
utruong309,0,2.0
veeceey,0,2.0
w-userc,0,2.0
0xtaufeeq,0,1.0
AB5111,0,1.0
Ahmednoorani258,0,1.0
Berschi,0,1.0
EwoutH,0,1.0
Flamki,0,1.0
Luis-B97,0,1.0
ManasVardhan,0,1.0
MarcSkovMadsen,0,1.0
OrthelT,0,1.0
Rohan5commit,0,1.0
RonaldAJ,0,1.0
USDTLORD1,0,1.0
adhikjoshi,0,1.0
adityaidev,0,1.0
alvinttang,0,1.0
andreif-funnel,0,1.0
aritradhabal,0,1.0
asehmi,0,1.0
ben05allen,0,1.0
bodacious-bill,0,1.0
chrispy-snps,0,1.0
fstermann,0,1.0
gambletan,0,1.0
ianjch314,0,1.0
ibnesayeed,0,1.0
jota12x,0,1.0
krupal-p,0,1.0
mdrazak2001,0,1.0
mohamedirsath07,0,1.0
moniqu3443,0,1.0
nicornk,0,1.0
pmareke,0,1.0
rkthaild,0,1.0
sfc-gh-braethlein,0,1.0
sfc-gh-hkantuni,0,1.0
sfc-gh-jroes,0,1.0
thimiratk,0,1.0
tnir,0,1.0
tomtung,0,1.0
vardhan30016,0,1.0
vishall4,0,1.0
yuri-schmaltz,0,1.0
jrieke,1,346.0
sfc-gh-dmatthews,1,135.0
sfc-gh-jkinkead,1,48.0
sfc-gh-aamadhavan,1,36.0
sfc-gh-jrieke,1,34.0
jose-mindwayai,1,25.0
jensonjohnathon,1,23.0
kagawa0710,1,22.0
duartecaldascardoso,1,20.0
wyattscarpenter,1,19.0
t0k0shi,1,17.0
xtliu97,1,17.0
majiayu000,1,16.0
andreasntr,1,15.0
rishi-kumar0612,1,13.0
plumol,1,12.0
zyfy29,1,11.0
nehaaprasad,1,10.0
axelcarapinha,1,9.0
fridaeriksenaess,1,9.0
aebrahim,1,8.0
davidsjoberg1,1,8.0
rishabhjain1712,1,8.0
rwelgosh,1,8.0
ghassenTn,1,7.0
katerinatsikoura,1,7.0
TreavVasu,1,6.0
devbyteai,1,6.0
huskhi,1,6.0
jerome-auguste,1,6.0
rahuld109,1,6.0
Clefairybiubiubiu,1,5.0
Darkace01,1,5.0
dweepvira,1,5.0
hpcslag,1,5.0
itsToggle,1,5.0
vullankib,1,5.0
AdamEssemaali,1,4.0
Nayil97,1,4.0
lillian-zhao,1,4.0
sea-turt1e,1,4.0
sfc-gh-amiribel,1,4.0
JingYiJun,1,3.0
Prhmma,1,3.0
VedantMadane,1,3.0
aryanagg,1,3.0
danielalanbates,1,3.0
goncalossmartins,1,3.0
harshang03,1,3.0
henrydai16,1,3.0
marcolanfranchi,1,3.0
prashcod,1,3.0
rpgjarman,1,3.0
shamis15,1,3.0
sridhar-mani,1,3.0
syed-saif,1,3.0
275RR,1,2.0
Aroool,1,2.0
Ayush-327,1,2.0
DHANUSHRAJA22,1,2.0
avhz,1,2.0
iyertrisha,1,2.0
nik-jones,1,2.0
ritoban23,1,2.0
AshiteshSingh,1,1.0
Erik-Dan-Tran,1,1.0
GhaithqD,1,1.0
GlobalStar117,1,1.0
LeeJMorel,1,1.0
MajorDaxx,1,1.0
Zane-dev16,1,1.0
adamalton,1,1.0
aimtsou,1,1.0
blackary,1,1.0
gquinche,1,1.0
henrik-b,1,1.0
jrqysxkmrh-afk,1,1.0
sachindevsharma,1,1.0
zachikeh123,1,1.0
kmcgrady,2,233.0
velochy,2,77.0
sfc-gh-tteixeira,2,60.0
vdonato,2,52.0
kajarenc,2,41.0
sfc-gh-kmcgrady,2,26.0
sfc-gh-gwatters,2,10.0
snakeM,2,10.0
bew,2,8.0
BigBird404,2,7.0
moutayam,2,7.0
tiagorb1,2,5.0
AlvarezEtc,2,4.0
capgeminichristianerling,2,4.0
sfc-gh-vdonato,2,4.0
Bernardo1008,2,3.0
jokester,2,3.0
ppo-corp,2,3.0
tobka777,2,3.0
MuhdRayan10,2,2.0
carlota-domingos,2,2.0
lix8886,2,2.0
odaysec,2,2.0
pallagj,2,2.0
sfc-gh-wschmitt,2,2.0
Khaledgadalla,2,1.0
LarsK1,2,1.0
MuriloM676,2,1.0
janbernloehr,2,1.0
jkoessle,2,1.0
mirko-felice,2,1.0
treuille,2,1.0
wellhowtosay,2,1.0
zahhar,2,1.0
